algorithm,execution_time_ms,execution_time_std,memory_usage_mb,memory_peak_mb,portfolio_return,portfolio_sharpe,portfolio_std,num_stocks,input_size,num_runs
Greedy,0.7188400253653526,0.1547873585480182,0.009307861328125,0.009307861328125,0.25749679462269287,3.057572870476189,0.06701289006099209,50,50,5
DP Knapsack,24541.83432003483,894.8476390492358,0.1974884033203125,0.20464324951171875,0.23061515962023532,3.300913534695259,0.0539290586527495,47,50,5
Equal Weight,0.18333997577428818,0.04635484747080615,0.00275421142578125,0.00275421142578125,0.2032229903643336,3.059575687345883,0.04923002591087912,50,50,5
