algorithm,execution_time_ms,execution_time_std,memory_usage_bytes,memory_peak_bytes,portfolio_return,portfolio_sharpe,portfolio_std,num_stocks,input_size,num_runs
Greedy,1.9211700186133385,3.188442817084354,9760.0,9760,0.2569988229569572,2.991930163984988,0.06738085847847641,50,50,10
DP Knapsack,27002.970799966715,2813.2648333246457,198549.6,206856,0.2237992555891553,3.22973752474577,0.05214022944555252,47,50,10
Equal Weight,0.2701900200918317,0.04789364054477757,2888.0,2888,0.20163602749325862,2.9781550112853465,0.04910289321379023,50,50,10
