algorithm,execution_time_ms,execution_time_std,memory_usage_mb,memory_peak_mb,portfolio_return,portfolio_sharpe,portfolio_std,num_stocks,input_size,num_runs
Greedy,0.40288180171046406,0.019645540715942638,0.009307861328125,0.009307861328125,0.2550157950742316,3.042521297453603,0.06652896571131343,50,50,5
DP Knapsack,17128.49171560374,222.51662304909527,0.1925262451171875,0.19960784912109375,0.22445182840631234,3.2826299042022007,0.052351874387764286,47,50,5
Equal Weight,0.14832380111329257,0.0189222889520504,0.00275421142578125,0.00275421142578125,0.20181461843967125,3.0420838115812985,0.04905013394818611,50,50,5
